time,analytical,explicit-up,explicit-central,CN-up,CN-central
50,0.25000,0.27993,0.25526,0.27992,0.25509
100,0.50000,0.52999,0.50492,0.52998,0.50493
